id,ime,priimek,email,kredibilnost,uporabnisko_ime,telefon,geslo,kraj_bivanja,sporocila
1,Flossi,Martugin,fmartugin0@naver.com,12.7,fmartugin0,,$2a$04$k13yE5XmJcD.QsHrEhiK.OP2msjU1MXvqpTbd5ytpYwwKDL0f6bY.,Ilongero,
2,Vivian,Climo,vclimo1@fastcompany.com,35.7,vclimo1,9794749210,$2a$04$NIcTAsjtmovPO2hlD3L3LevgNvyioDa1g1cxauwAClRCrXIoxu6PW,Karangsari,
3,Leroy,Zukierman,lzukierman2@uiuc.edu,47.6,lzukierman2,,$2a$04$geZMA5X5JLQhy.mUdDDoC.lAbktMdNnDkyXvNMdD1P2n2zzSTF356,Mandera,
4,Filide,Rapport,frapport3@smh.com.au,23.3,frapport3,,$2a$04$KTE6KW80qWpR9MgGEGY9..ahK887brRajHOSw3P9FDkim56t7TzIq,Gizo,
5,Fraze,Wight,fwight4@linkedin.com,52.5,fwight4,,$2a$04$sagVDAdBK.uRlo3PjVqK9O9Z8aGxDsHf2uMi6qMVhgXG0LXXrar32,Minas de Oro,
6,Bruis,Ameer-Beg,bameerbeg5@opera.com,74.6,bameerbeg5,2358135729,$2a$04$aAQ0o7EzPafCYH97JM3wLu7slK4R96YeXo9ZJm2f/lW9psRptV4Zu,Sumberingin Kulon,
7,Bartel,Kattenhorn,bkattenhorn6@360.cn,10.2,bkattenhorn6,2637039683,$2a$04$fBxDlj4kV6eoaiyEWzjGQu94uWigFo/jx2eeWtdEmhmDlBoavaWB2,Komga,
8,Jolynn,Haistwell,jhaistwell7@163.com,19.8,jhaistwell7,1243355158,$2a$04$05m0PzatOX9BufauALXJWeWnypMzlQLmLpRGnBDht.Bv5Ni72H8wm,Hammam-Lif,
9,Lyndsey,Ellery,lellery8@prweb.com,11.3,lellery8,6556285290,$2a$04$G/ElOz8q3ck85F4XhYDMveb4MhW0UJxkfO0u4YG7s/1jSgrHJPcuy,Mojorejo,
10,Winn,Bradborne,wbradborne9@trellian.com,80.6,wbradborne9,6238002986,$2a$04$.OCah7yUNYGsd7C3K0fby.LJj3zs8VDgv7iNn2mCGG9fp6/FOzFci,Kazlų Rūda,
11,Alia,Carruthers,acarruthersa@stanford.edu,46.5,acarruthersa,6806914668,$2a$04$pQpC59WugaAivSqAZEUgf.Z8WrhHx6orzjs3sBpwKRKAy.vZPMcxq,Nyūzen,
12,Gisele,Lashmar,glashmarb@businessinsider.com,69.0,glashmarb,,$2a$04$oVHyCTPLL.rdH2m96HfJleUBR/GtpF17nRp8cGwqBiJ1aimYmmIqm,Asykata,
13,Gay,Newiss,gnewissc@ftc.gov,89.3,gnewissc,,$2a$04$H63bkTKeM41eGTwXUebsz.rVie.lgyh9yNWXOnr8YvH/.FEEp4d6e,Santiago,
14,Malia,Kilvington,mkilvingtond@shinystat.com,83.3,mkilvingtond,5783330745,$2a$04$nSM9l1FIZfOND3jmdKq1DODjoC004SMHN4OhN6Wi2hB/B8awzoU06,Pajannangger,
15,Rex,Lamacraft,rlamacrafte@google.de,45.8,rlamacrafte,4711374417,$2a$04$OnrHTvAcElWYbQaRavVpj.e9eney6jf/7wGf8Qf1b/wskUbwRNapO,El Mirador,
16,Wye,Gallahue,wgallahuef@issuu.com,7.8,wgallahuef,1065724692,$2a$04$Y3BVpiXpBqaf5uXUWytTve86RgNqErcTNG7mVARmvW7HOhVFHFpvW,Zhangjiabao,
17,Violette,Paul,vpaulg@businesswire.com,32.8,vpaulg,,$2a$04$oU6JIAGMsVyQKAEmOScy1.BmJFdV5nFhEVgmtEHhO0AnCyMjhxUkq,London,
18,Ban,Duer,bduerh@census.gov,60.3,bduerh,2447825414,$2a$04$RFI6JxOq5FrOQLEQ27NKJ.aq854wQ7SpTE3sOCdCj1KMYoiDySSua,Nyeri,
19,Shalne,Tomes,stomesi@google.com,85.3,stomesi,,$2a$04$MiBXawB0TmrnE4UQD4FpQerEkul9Ygji3DBXExiR/N13mbK7P1yu6,Västerås,
20,Madella,Mower,mmowerj@unc.edu,39.6,mmowerj,,$2a$04$Vb6RVdgJyzMFeVeaZkYViOr9wTt/MvSuSstqwMgdR8nHoNdKsXev6,Novosibirsk,
21,Erinna,Rowler,erowlerk@nih.gov,80.9,erowlerk,,$2a$04$S6UCOTTLxNbu11r6/2KJdeQfY74AkEJq1Fi8F/JlusizzcoN4gvF2,Aoufous,
22,Shanna,Lello,slellol@springer.com,38.9,slellol,,$2a$04$XQIPdjc.Z99q5SdjcYE5n.UgtNQ7e0va5mF/CJwmdwzVlOE4ebhWK,El Zapote,
23,Meara,Von Welldun,mvonwelldunm@vinaora.com,7.8,mvonwelldunm,8789661879,$2a$04$Wa0F5rZqxN/e.1I.Zayaju9MU7NZCKVFjUBpGOvaFhOKnSJy/Zpei,Beigao,
24,Nike,Zimmermeister,nzimmermeistern@deviantart.com,61.0,nzimmermeistern,,$2a$04$dvp3xs0M9qlxdBaV8vgIIuz3sRWylWhyYHu.5hJMyGB3dG1xgjWX.,Tieli,
25,Hendrik,Gleadhall,hgleadhallo@cocolog-nifty.com,19.3,hgleadhallo,,$2a$04$QXqbfzOLd2nG98QpC4Rg2u4Fz9UgvjlUzzBRMEeqB0MAt38rmMud.,Bombon,
26,Onfre,Tillot,otillotp@techcrunch.com,54.6,otillotp,5061722481,$2a$04$dJeh1dxtwwNmiTa57ILjgulZdIfPnr0lzsZUl5OjunpmqUOscX2dS,Menanga,
27,Tiphany,Britian,tbritianq@nydailynews.com,46.7,tbritianq,,$2a$04$ezjaSDmLxJSXm9wkZWAZgOQxM0xX1rxyXpQpES/rPXhaGJwybZOHe,Aguas del Padre,
28,Batholomew,Wimlet,bwimletr@github.io,10.0,bwimletr,7692078737,$2a$04$PqQdyo6lnwJUSW/N0J8tc.xLGsta51PWfq12L7teWoxASqOaOiR02,Herrera,
29,Bil,Crafter,bcrafters@nasa.gov,67.6,bcrafters,,$2a$04$xouSeAEeNxV0.Y6VR4wNp.SnWhKsi0dUOXv1/bV2I/SMHGDjbcqxe,Tourcoing,
30,Robin,Schwier,rschwiert@comsenz.com,33.2,rschwiert,8137222568,$2a$04$vXJunEQRsWl7AvohxdX11.3boKsyVt0OxJy.mnLvjvvV5VLmyRImm,Tampa,
31,Julie,Mallows,jmallowsu@rakuten.co.jp,71.7,jmallowsu,,$2a$04$/WYsS4JVJGdrgrgneas6Hucp3jl3ZYWUlJcyvrnv4VFplySJBnE6m,Krasnoarmiys’k,
32,Sven,Cescoti,scescotiv@slate.com,42.8,scescotiv,,$2a$04$wGlFftbMWVEp1H2JmXjZjOYw7fI6OP64T1p0COV0T15oYFvbG.gqC,Dabu,
33,Jordan,Pond,jpondw@blog.com,75.1,jpondw,,$2a$04$DwjcSxo375m8vRLxhivjxuusxvRxDZhfs3dCEoBv3RO1jkE4KYLXi,Mundybash,
34,Marjie,Hansbury,mhansburyx@miibeian.gov.cn,48.1,mhansburyx,,$2a$04$ei7uO8wU8BejsI5tz2gVl.IjuityhxjMCvAIt339n0df4LIz9soDC,Shakhty,
35,Sonni,Woolner,swoolnery@comsenz.com,19.6,swoolnery,,$2a$04$gruxxKKoF.XcqOIenb6nDu3KrLJaScFjYCXPxBfsqcTjOmwhjHPXa,Sainte-Agathe-des-Monts,
36,Cris,Delepine,cdelepinez@hhs.gov,56.9,cdelepinez,,$2a$04$h4WGftSWV.ZlZRhGz0trkuq63mU72SnaDHa.ZzrR3K9Hl3GimIbT6,Methven,
37,Bunny,Bolle,bbolle10@prlog.org,84.2,bbolle10,,$2a$04$vcoNuJIDuQP15r2uUQmpy.EgxIFHbrpr7N6ILRGQ18dWUm/iYAJle,Kurzętnik,
38,Luce,Extance,lextance11@yahoo.com,21.0,lextance11,4692581887,$2a$04$2FrSXOS1tseFsxBDa.4MZO1IkvG7iazghL9Bj8hgmtz81qG1fTqIK,Madang,
39,Mikel,Schanke,mschanke12@google.nl,23.2,mschanke12,8774864878,$2a$04$Sxkie2CPDj16za5MgxjP/eky4lxp6bdGfWc4WYko7H1brtWdE0rJ2,Armenia,
40,Kaspar,Cresser,kcresser13@usda.gov,31.1,kcresser13,,$2a$04$s4Y5HfNWkXX5nqlpMKgQtOwL1bxPpZvOpQ4S.GH3gHAD3aw.UteSa,Fier-Çifçi,
41,Lucien,Densun,ldensun14@alibaba.com,2.2,ldensun14,3154257568,$2a$04$Bs9PEOQmyUHS1docRToDReORjKsU9lgvHeqLBsaRhi7r4gEiThC9C,Birobidzhan,
42,Morry,Phelipeau,mphelipeau15@scribd.com,63.2,mphelipeau15,1217845675,$2a$04$mF8tD5oJ7k0MY07MsUYFEOGBLXIiTyBSmf.NGFn6Zy6ShgpZL.xcW,Tawun,
43,Barrie,Ferns,bferns16@sohu.com,69.2,bferns16,1565586721,$2a$04$YrTGP9X6ldqrRjlwi4h5uuEJm5AkiomniQBGMJnQt57T54suZNtEu,Niederanven,
44,Morgen,Amiable,mamiable17@washingtonpost.com,90.7,mamiable17,,$2a$04$FQoTmlgMNpfZMEGFSLBi/ugaAqZyaUGSIDdzQD3YcB3//beVqLVYq,Salingogan,
45,Vicky,Cossington,vcossington18@webeden.co.uk,82.2,vcossington18,,$2a$04$iSOxRMrPC5PS2pe21nFao.OHNp4KCLZofaWtWGmY48ARIIAPw3/.i,Campos Gerais,
46,Sacha,Spain,sspain19@hud.gov,53.1,sspain19,,$2a$04$M4z2N7oFkLfLk6gVWTDZHuyXkGRiNxRc0HhrdMuFwHLPMrAaaEEG6,Māymay,
47,Shannon,Davenhill,sdavenhill1a@soup.io,50.8,sdavenhill1a,2981999903,$2a$04$Y9Az3M6A2k5nu/oBoBuCAeJI.by/g/RB1LkulCMqwmIWEOh2OyX86,Yelizavetino,
48,Morrie,Kinnach,mkinnach1b@webnode.com,50.0,mkinnach1b,,$2a$04$y2prUqETgNTpK9uultcYYO7ymqvNZ/90EswLm7IcvPWcNViUjCj0K,Tianhe,
49,Adorne,Kingston,akingston1c@nymag.com,44.5,akingston1c,,$2a$04$EeAdrc.0sJPVpfKO6K/99.RHmWQaMyxsDQNvcV.oE5Cujv2eQuB46,Pābna,
50,Putnem,Derricoat,pderricoat1d@webeden.co.uk,36.8,pderricoat1d,2919173920,$2a$04$C2w61yqoTITz7TPq7l11vuNo5LnOR7rx7d56rAYPVMmgRLL9l31E2,Katsuta,
51,Babs,Drakes,bdrakes1e@guardian.co.uk,97.1,bdrakes1e,5295250960,$2a$04$LXIh6QQ37O6hW5VhWfFjNOiWO/Wz/NrLv8djlZ5AVweNRZ3l6s1E6,Palon,
52,Phillie,Leate,pleate1f@sciencedirect.com,68.3,pleate1f,,$2a$04$cFr6DMrBFw9g9D2zvAPaKeeSfwLPUT9ND8BCHBB/FuEjhe6IRJFOW,Pavlovka,
53,Renata,Luke,rluke1g@parallels.com,66.5,rluke1g,,$2a$04$Jo2WUZnTdPBqTkwL0uwFoeYdCzn1Jr8y9yHMr8BYrvSmlq5G3ncvO,Sumberrejo,
54,Monica,Vanlint,mvanlint1h@prweb.com,51.3,mvanlint1h,,$2a$04$PNr2nRPcG5z5Xfm8NereLeZC0dJEpAG6vhKF/ACktZJxJ8NdlCbWC,Geumpang,
55,Maurita,Gregory,mgregory1i@163.com,55.9,mgregory1i,4447324151,$2a$04$5PEPSFy08Jr6qi6em2XBLes8Kjem9zYgrFD9tOGeHPK3n5L0Yeauu,Darungan,
56,Vinny,Conkling,vconkling1j@technorati.com,17.5,vconkling1j,,$2a$04$8X5BgZtepxcB4encwv5ul.kxdQxlr6mj7tj.CubLFRa.BxQypu5Cy,Santa Catalina,
57,Ginni,Feak,gfeak1k@paypal.com,53.5,gfeak1k,,$2a$04$2fhJ0pgbd3sDoDNSAKG3BeKIIZZDCwJ9pKKDBJcBFa.3V/1UIJylq,Reguengos de Monsaraz,
58,Misti,Dagnall,mdagnall1l@reference.com,31.8,mdagnall1l,,$2a$04$CXQFZ964smYBKU3O6PqdHefXCeeSkLQ1BouVENtPTcNo58XxaOuFW,Chitungwiza,
59,Hilton,Glanfield,hglanfield1m@webmd.com,27.2,hglanfield1m,,$2a$04$VBitrNnvyG1NTHzBQPhLhOyTByXbPw3bsYwwihiWpq.s6acULzPUq,Bentar,
60,Juli,Boorn,jboorn1n@latimes.com,3.9,jboorn1n,,$2a$04$yurOxZrtsL05IeF2YczAPOdcXcaoa3sEENbLDzb5wD54VU8M8KC/C,Mojokerto,
61,Justin,Lightbody,jlightbody1o@constantcontact.com,8.8,jlightbody1o,,$2a$04$bezj7bqzdY3WHIh97Teh3O7MEF5B8U4SrMB/VOCTbui1nLhmH5p0y,Honolulu,
62,Lothario,Kilmurray,lkilmurray1p@bing.com,44.9,lkilmurray1p,,$2a$04$Mqcu9yvtlMWoCd29tVW84uthFKgyNaYBoXZLula4ebavvHw4e3mBq,Vërtop,
63,Thomasine,Neem,tneem1q@squidoo.com,50.2,tneem1q,,$2a$04$YB5MLUDzbLd8HPWId69GZeXsu0gPFwUrUJbYtupSq7tUcpxngnulK,Nizhniy Novgorod,
64,Xerxes,Bergstram,xbergstram1r@tiny.cc,39.0,xbergstram1r,,$2a$04$FKAeI7bw.yR.uij/uR7f..vX0UbQQ73/Wgmfht5Nypt0Z8pkckK4.,Kertanegla,
65,Mahalia,Itzakson,mitzakson1s@csmonitor.com,35.9,mitzakson1s,,$2a$04$smCRz4in0uwq1I1qPUnjy.k5agbO3fOyBg1Q61KCzXH77uT4Dtdoi,Kangalassy,
66,Corry,Terrelly,cterrelly1t@oracle.com,97.2,cterrelly1t,,$2a$04$PMtTakb4ta8DEDVcYup9ouv.iJsI3RBdymOPIAwm9R.J3boafTT9.,Rungis,
67,Leontyne,Kermeen,lkermeen1u@sun.com,98.2,lkermeen1u,,$2a$04$y2rO.rGcdsG9m53I2bilRuphQ4fx5NrUqN.8CLyCdHcEHZDGAVoma,Quintãs,
68,Clemmy,Rhule,crhule1v@cnbc.com,41.8,crhule1v,3784386400,$2a$04$hdepb.nMlYo53LDN1X1Hoe25p0qZb2EAN9X5YIWXRYFUwVvtuV0XK,Jistebnice,
69,Fredericka,Tuckley,ftuckley1w@google.com.br,71.4,ftuckley1w,,$2a$04$Zpts.5NuQT97i/7asUTT4uXW5GLbU0.hkJQuZICEOu/nsSjaNRMky,Voznesenskaya,
70,Nessi,Bendon,nbendon1x@xrea.com,1.9,nbendon1x,,$2a$04$4FZTkkFjZnAAZBcJpyBlkORqOAnSs9QNzEhjnBShL9uRwanKeiU7S,Ciudad Bolívar,
71,Anet,Whellans,awhellans1y@mysql.com,63.8,awhellans1y,9283251623,$2a$04$a/40F9ynTlWs8ouThnsytuLJgSxdMzIYn.w187tKYzo9RsvRBrQt6,Pridraga,
72,Eal,Gronaver,egronaver1z@parallels.com,87.7,egronaver1z,,$2a$04$p52.N.QmF9KUuji26Ve6Q.AirY46Sm2I6eXGh/V9EB9cd.50DY9Wi,Zhangaqorghan,
73,Bessy,Walcar,bwalcar20@time.com,76.4,bwalcar20,,$2a$04$dT9igM1qdZ7SHQGN4s/58uR.ramhAc2GV/8UT03Op7wdCXlumG/F6,Novi Pazar,
74,Brenda,Byforth,bbyforth21@bizjournals.com,23.5,bbyforth21,,$2a$04$npSyGNRocReyk7zW4D5LgOUiU4YmRlPeXiHGoFcdQKqSrzeFIP.z2,Ningtang,
75,Pace,Beggin,pbeggin22@google.ca,42.6,pbeggin22,,$2a$04$pREWP6O2KkwXYAmustfPUeMuhXTS882PbR0elsca4oFI8lYBI/Q7e,Bedford,
76,Conant,Reid,creid23@delicious.com,92.2,creid23,,$2a$04$PuC5p0OIWsXumGV/fAVMS.TNPxO3srd3FDrUh6141yWTGL7O6Evpm,Qukuhu,
77,Kelcey,Walbrook,kwalbrook24@sun.com,90.0,kwalbrook24,,$2a$04$c1wGrxmP/hFj/8gtRc18h.l77ZAbfyUZnyddniE4HHihvwki6sIvq,Pyra,
78,Humfried,Conaghy,hconaghy25@trellian.com,36.1,hconaghy25,,$2a$04$T91sMUwCVNFMo4pOBYE4QO2wR8uQGqCbtSwJP6h/BB4QuTpwWi0TC,Szklarska Poręba,
79,Alene,Kisar,akisar26@mtv.com,67.1,akisar26,,$2a$04$SQJ6TTnZnzvB6jrzWzpJtOqmAXGieyKBESl.rJD2WvS9gsTS8.Fs6,Guimba,
80,Lucius,Rapelli,lrapelli27@de.vu,35.7,lrapelli27,1883518133,$2a$04$9XZfY3o2jgP02hiB0KjzeONPWRfnxA2/D6IEKEyqh7OJcIFETtNhu,Mayapusi,
81,Manda,Blamire,mblamire28@npr.org,12.0,mblamire28,3895207223,$2a$04$8b2R58TzlMJZhZjSxtbRSu1KSDS.XznX3dEyvOHUlwdc6xUFaVyJO,Guiwu,
82,Nesta,Slograve,nslograve29@jigsy.com,62.0,nslograve29,,$2a$04$Jnir34VOOEdYwaH6h2mffu5sYiLxl//viRXArH.iRgCxKmwlBOl9G,Frýdek-Místek,
83,Cleavland,Cocozza,ccocozza2a@symantec.com,28.4,ccocozza2a,5135218211,$2a$04$eThS9rFb3haOYnI/LblZt.mBw1I.zXRHlIriH0KPEmHRaWoEC3aqi,Asmara,
84,Jenn,Coiley,jcoiley2b@alexa.com,3.8,jcoiley2b,8741268999,$2a$04$V0W8ycglOd9cOttpgheIDeyDfIvQc6t2dOdBh22ZHZ1QkoYD.G1LO,Wangliao,
85,Adriano,Bolf,abolf2c@weibo.com,70.1,abolf2c,5186680445,$2a$04$XmANBfwXBWbI2AtHwooVoO4ugdUKCHk921XJ5UjqtytSmdmFGFTXq,Ushiku,
86,Charity,Zannetti,czannetti2d@yandex.ru,34.4,czannetti2d,,$2a$04$ShCEkTMRRnxlvCpQtTlEROZjod5/lWDkAzveXalxJvFVuGmYddRpy,Río Tercero,
87,Frans,Ericsson,fericsson2e@over-blog.com,3.7,fericsson2e,3761798500,$2a$04$JMf9hbBksFLBtf.rY20BEua8GKiKNGKBxrVIbuWq7.AAmuNoy8VBC,Varoška Rijeka,
88,Bill,Dring,bdring2f@arizona.edu,39.5,bdring2f,7601628729,$2a$04$Sl4e0wpYy7Rk8JI5AVX26.ysklQOdYdztq1bt4dMKdIMUuyo7q6em,Gantang,
89,Matteo,Secombe,msecombe2g@webeden.co.uk,29.6,msecombe2g,7779316098,$2a$04$cpWacwNG8cxTncKSLdLPj.k3TiAGA5fpsr6Hsg7/z6Dh.IUvRFs.e,Mukayrās,
90,Gavrielle,Bridgewater,gbridgewater2h@dedecms.com,10.8,gbridgewater2h,,$2a$04$9BNEDSsBu60gSrRrXCzfve04eRquhPC80PYHrXGVDiwm.RKN8T6im,Shikeng,
91,Land,Neath,lneath2i@time.com,83.0,lneath2i,5143228214,$2a$04$MnOc3V40X86EltiIJ7MYVesdQuiYTSKI3L0CKY/0MZ2B/f0Sbm0NK,Xin’e,
92,Duane,Bernhardt,dbernhardt2j@blogs.com,43.9,dbernhardt2j,,$2a$04$kipj6QHA7hqI8gNDTLuSceege/I4as0KrQKOQS.h9XIwoCu8fZiTW,Arfará,
93,Anny,Simnell,asimnell2k@amazon.co.uk,15.9,asimnell2k,1853840245,$2a$04$KtqvuRbQSk5dQrtCwUfEtueVWOajA0nPch7HoJhkin/JfzEqF7UFe,Melun,
94,Dalli,Kalinsky,dkalinsky2l@toplist.cz,90.6,dkalinsky2l,3099550048,$2a$04$tXORi8/qo/yHY9kPBKBDFeG7icq.ypiCN/ecLGevmWKBGo3aqMXvO,Zaragoza,
95,Katinka,Aisthorpe,kaisthorpe2m@usnews.com,30.7,kaisthorpe2m,,$2a$04$Qa8FXgqKSlI263JGg.x59.H1rgHRlX6oiQigIdR9U05A4v6eL87da,Ampelákia,
96,Guthrie,Deppen,gdeppen2n@patch.com,52.1,gdeppen2n,,$2a$04$a7DuZsZu9IqCLRj256nYWOh.w5DtN8wuIVbN6mQUFqoqpoeAZ8VPa,Basiong,
97,Leonerd,Lyne,llyne2o@pen.io,69.1,llyne2o,,$2a$04$5P6U78ptK5rLqKbcONZ47.H54WAkak6/3QrVlhlwEFQXsIXwnLP0u,Meishan,
98,Cly,Ivanonko,civanonko2p@is.gd,90.6,civanonko2p,,$2a$04$/SrMgsNiOi7Y7R4xx3zK2.GTXtmk96bNpYfYOznqKyrfYcFRAPqbe,Bielefeld,
99,Carlynne,Rowlin,crowlin2q@webmd.com,32.6,crowlin2q,,$2a$04$1YeXPsDBKBvFsnog2FUIgO9uSEZexA2jC1Xu5zcYcPsyL.V7VuoeS,Koysinceq,
100,Mel,Reedshaw,mreedshaw2r@typepad.com,27.6,mreedshaw2r,,$2a$04$AJfzzn89VLoI07lXt/trkOIdMw6kDKE.X5700JLBpfdGi1DeQUgUm,Côte-Saint-Luc,
101,Danica,Karpe,dkarpe2s@earthlink.net,66.1,dkarpe2s,,$2a$04$sIMiNbYbFm4YQMFDU5qX9OfSkV9VlWlwkp33Iy7cFfnSYQ5Rfd8J.,Pirava,
102,Minor,Struther,mstruther2t@china.com.cn,26.9,mstruther2t,5667543271,$2a$04$ytJOgyCZwegbWyppBDyK3.wgVnN9YxGdMiSFPqtEZwHLXwUClNi96,Zhuping,
103,Pepillo,Morad,pmorad2u@stanford.edu,85.7,pmorad2u,,$2a$04$P2K7jWLRbnzi3rmFJxbT..vkq48wb7IsGMnQMaQW2YGIIR4plrOy2,Marseille,
104,Sonnie,Matura,smatura2v@usgs.gov,87.2,smatura2v,,$2a$04$x6Ahr0041eZ09zcDyVxPjOH04/J3eNvTAh3vVuXEgmkuGlpYfCtDq,Shklo,
105,Adelaide,Wanklin,awanklin2w@forbes.com,14.6,awanklin2w,,$2a$04$bw.X7tvVJlWwGRCvm8uz5uIG954dXbaq1ygQYxDc4C3XE5uZzyKSG,Balyqshy,
106,Mayne,Hedin,mhedin2x@aol.com,66.6,mhedin2x,,$2a$04$7iQmE2LU2qEwKmrRwz8L4.IeMJFQ5uTF2tkhuq0IuNeTSQHJK4J7y,Santo Rosario,
107,Ermanno,Farrar,efarrar2y@merriam-webster.com,12.4,efarrar2y,,$2a$04$w/nHyt5/9DY8kM7Uw1fy2eiuQbSzSDVoW6/xPcBZgQ3xh8cWgEU9C,Lubbock,
108,Gilbertine,Lademann,glademann2z@washington.edu,90.5,glademann2z,4069594605,$2a$04$ZBzhel22CrlSmD2C5PlCtOsD4.XLccjFBDyKHMSk2NEFmaGapRp7S,Tõrva,
109,Keane,Flea,kflea30@wikia.com,85.0,kflea30,,$2a$04$dYTSJoduQ7Gu0XcFH1fdvOk03adlHVcFaV89d.lExrg9s5bs4WJMa,Cidadap,
110,Boris,Stuchburie,bstuchburie31@utexas.edu,2.0,bstuchburie31,,$2a$04$S7FZZTJy42lrnELb4dWjROQ5kMmluHTAIhrwV15q6hDylQ8LGH/Zu,Khanino,
111,Libbey,Baigrie,lbaigrie32@prweb.com,40.0,lbaigrie32,,$2a$04$KVLGzxt9qKcnMf6ubmtsI.lv.1B8i3qWfjJlLxBleJRJJBLEGyg9a,Balong Wetan,
112,Netta,Anan,nanan33@hud.gov,30.9,nanan33,,$2a$04$Dzo8r00jb8gm56gDBMqA7.d4LVU5KKo8R13NXxeNXZxnwkqSNDmO6,Yoshikawa,
113,Hayyim,Calloway,hcalloway34@diigo.com,58.3,hcalloway34,,$2a$04$v2AAOZXJiUegguool/ye5u36I.L2RWKUqhnBenlwCg/zn8PLStpfy,Pingtan,
114,Minne,Joannic,mjoannic35@baidu.com,62.9,mjoannic35,,$2a$04$Wi0Umie5uL7zzzAtS0iso.9W9lJ1H0vqAUFGyvH6KF9omftFs5c7S,Elassóna,
115,Rutger,D'Antuoni,rdantuoni36@spiegel.de,51.7,rdantuoni36,2869566088,$2a$04$P.7aHtH0z0/CXxzHnzemeuczABhkZUcTAwqzeKSZE6VewyhJTtBiS,Santa Rita,
116,Edgar,McNirlan,emcnirlan37@unblog.fr,68.9,emcnirlan37,,$2a$04$PFhpmOTN52.aC9wHe2QLaexN8PJode.v2qQyrroxy9KPxUra/NrZS,Zhouwang,
117,Rozalin,Oxbrow,roxbrow38@seattletimes.com,16.5,roxbrow38,,$2a$04$jZ4QwDeh3sQUJ.aSMY8ylOB62bkBv3lmn5uEKQBv7u9WpsE9XwytO,Ciudad Bolívar,
118,Alberta,Elnaugh,aelnaugh39@goo.gl,6.3,aelnaugh39,2708439823,$2a$04$0FQ/PAuQFXGBxIJgoHTrZuooykLHBSsm2wXy5zkFjJHLwZxaE6Sl2,Caidian,
119,Guido,McQuilliam,gmcquilliam3a@marketwatch.com,62.0,gmcquilliam3a,,$2a$04$ljK3rjqInMGCzy0WXaEf8.toTTcRItOtgtnf9XNYGUL6TeL96/v2e,Fatufaun,
120,Randal,Lude,rlude3b@craigslist.org,85.8,rlude3b,,$2a$04$6KbYFO3Ac7mAOY/IDxgS0e32TLVuUDXmTfKuK6hHCfhqDoYnqw5qe,Liozon,
121,Farah,Atherton,fatherton3c@hao123.com,54.6,fatherton3c,,$2a$04$TxGv6A7/y1IMjnpLWdNMAu8rTRsOffX70TjLZY8iCtgtQs434qffm,Sidi Amar,
122,Northrop,Pehrsson,npehrsson3d@google.ru,70.5,npehrsson3d,,$2a$04$ppMXWZ.uglxChNozVwzot.yZGxNwZZCrwW2cDh3UzrN8Suo78o9cu,Dhuusamarreeb,
123,Winni,Blatchford,wblatchford3e@netscape.com,66.9,wblatchford3e,5967893680,$2a$04$gRGJAGwvR.1IHQvr7wW0UuVVzn1EWJmKvXhoY8L/JIyHDROYeqBLq,Berlin,
124,Kurtis,Gianuzzi,kgianuzzi3f@state.gov,87.3,kgianuzzi3f,8203134583,$2a$04$l5R//BBWiaFY.RwNOOQBfOD.PufHWAsbNEyTBrGMcK53iQcUN7pTS,São Lourenço de Mamporcão,
125,Niccolo,Kliemke,nkliemke3g@i2i.jp,38.9,nkliemke3g,,$2a$04$A.1MyzPMVtMiXtJKY8ZrpeDlzIHOIEosj4Lb3jwFGuk01vOns/o0i,Kimanuit,
126,Mia,Covendon,mcovendon3h@usda.gov,94.4,mcovendon3h,,$2a$04$AQFmZozdRxy0iril72Y8Mu28nG21yWV.A9FAr/aQAsRygaXozKT96,Usicayos,
127,Arney,Kinworthy,akinworthy3i@gizmodo.com,97.6,akinworthy3i,,$2a$04$.XNt2DspvLk52iFNINu8kezV/it1iHpzapuM35SB3NiFaIdBaskte,Penco,
128,Yardley,Ballach,yballach3j@bloglovin.com,1.7,yballach3j,,$2a$04$RCIeWNHh14EaERMCShMbHuH7NLvPS2di80ukj0bkW/LzgpR547aOm,Chorente,
129,Sollie,Worg,sworg3k@yolasite.com,35.5,sworg3k,,$2a$04$vCNOcvFPCnektHITwy7FsOOCTFNJQOIRsxxMXxBStAToEVAtXeMo6,Steinkjer,
130,Arlan,Autry,aautry3l@wordpress.com,39.4,aautry3l,,$2a$04$UBhtp0LV8pSHwHWppJ5Gze3gGQ6tvlrdGM0gPx1dWbneGvsg2kL16,Kuafeu,
131,Deana,Mc Carroll,dmccarroll3m@artisteer.com,77.0,dmccarroll3m,,$2a$04$0.eNohORhV/ZR3BBXJcs/.0EiHxluKphz9rs5dwi3eg9M9S.oqKAW,Shah Alam,
132,Georgianna,Chang,gchang3n@paypal.com,10.0,gchang3n,1311126054,$2a$04$/Po3wxSWPOitp7TMIRlZ3.38L1uBLUi74dh3KwfHbDyzkk0BD/1Di,Dianqian,
133,Antonia,Cheverell,acheverell3o@usnews.com,3.0,acheverell3o,,$2a$04$0HnRi2vKICgQfwdlmHieNerkEjZkXUmUR5/uCkRG.T1YAANMEdTpu,Hongjiang,
134,Ashlen,Scain,ascain3p@cafepress.com,62.1,ascain3p,,$2a$04$Q7hwKTqJPtJYtavC5wbHLeV6jXd8uQofdBnqhMghl0CuL8Ra3rdQG,Zhuangke,
135,Elana,Beathem,ebeathem3q@google.co.uk,91.2,ebeathem3q,,$2a$04$xem8Of9VrkCk203WU9qX6.YjPti6Laed/u19YaKKNtgtYwwA8Inz6,At Tall al Kabīr,
136,Cinda,Pudney,cpudney3r@1und1.de,92.2,cpudney3r,,$2a$04$NcqHRhLCmiFF7KwaJJQtHOWE1S98uarX87SKxrsExULVWsFVue.mO,Ingarö,
137,Brunhilda,Turnell,bturnell3s@yolasite.com,38.9,bturnell3s,,$2a$04$PZg3h6Zbz/Mam9q11PLKjuWdbp8FiePzOXMpyErx16NQV8dGAHyLG,Sirindhorn,
138,Marchelle,Bertholin,mbertholin3t@npr.org,29.6,mbertholin3t,,$2a$04$8gILgiRgN9kP6Yyp7TjZKu5fG0IVgN3DH9wUDGHajXzu0DM9uuNr6,Bandar ‘Abbās,
139,Suzanna,Terne,sterne3u@paypal.com,94.8,sterne3u,,$2a$04$Ni39fUkV26urdyQgYKBgjOemzfdVrxTmuSa9BbXcroMKWWarLe/w6,Néa Kíos,
140,Devy,Pickston,dpickston3v@fda.gov,74.4,dpickston3v,,$2a$04$eyYjQrkyOipBuorhfgFyZeAwZRo3zdgHexqNu.c4qmeWnkeDPCjmm,Patrocínio,
141,Yvonne,Jodkowski,yjodkowski3w@devhub.com,75.5,yjodkowski3w,,$2a$04$ZMxeg66atG/ZjCdSxGox8eRAHzEeAARbsCgB3hZkqbC975QlqGMVy,Hengzhou,
142,Babbie,Balazin,bbalazin3x@deviantart.com,48.6,bbalazin3x,,$2a$04$FJf30dUXf6WJj6sy6.cIBOJvj/kD1Uf.qx8lgzlzAXK0QOFPxbdtK,Mazatenango,
143,Scot,Grimes,sgrimes3y@statcounter.com,56.5,sgrimes3y,2158791362,$2a$04$PZtrtMzGFnKzq7i2pX8eh.i5/IhD3qToTefSe7KI4PU31RAUXSAkm,Grenoble,
144,Tish,Coopman,tcoopman3z@webmd.com,66.9,tcoopman3z,2442645751,$2a$04$Evkp8jOrBYmyhYUKwI6yQeYFEfckpfgEJ4yOXso74n6nFQR8hWCZq,Argivai,
145,Jackqueline,Gardener,jgardener40@dell.com,93.1,jgardener40,,$2a$04$w/N3AuBOEag/af6lYniEn.grt9To2.5a12Upu/v7mEtvkJDPxE8Du,Gonayiv,
146,Korry,Fuzzens,kfuzzens41@nyu.edu,19.0,kfuzzens41,,$2a$04$7q48VpehIITiW4U1r1Yib.pDtRk2/qucIDMFMhgxizwPZgGoqCdV2,Pasirlaja,
147,Siobhan,Gollin,sgollin42@naver.com,72.7,sgollin42,,$2a$04$OZ6PiBJQIXRA3nsOugvM8.hxcOH9fu3A5Fm.Ntt77jGfk00Lkuz8G,Berģi,
148,Janaya,Kenderdine,jkenderdine43@google.es,65.0,jkenderdine43,4989137568,$2a$04$oPwVoNkoFh.4vFD1Te0ZGOKFhumHBrgkLVX1grM0Ebq1yycPnGCx2,Toledo,
149,Daphne,Cowdrey,dcowdrey44@va.gov,46.5,dcowdrey44,5761797454,$2a$04$Pw04PoUkmZln97VTeb7cx.bI1ObrHbno8tcvliv4HfLB2l0xpvGs.,Ourtzagh,
150,Wandis,Latliff,wlatliff45@businessweek.com,49.1,wlatliff45,,$2a$04$7AtP8EiP0Mj8A99rz52f.uUe9RKzhU7L/P3rFPe9U9KIlV5NXp5ne,Bonik,
151,Gardener,Barsham,gbarsham46@hatena.ne.jp,38.1,gbarsham46,,$2a$04$CfI34t0osYBJgQdsliI5AOeuodXnzZLk.eTQ61HRWiCoBFJCvHPaS,Volkhovskiy,
152,Laurent,Sharpin,lsharpin47@ucoz.ru,82.8,lsharpin47,,$2a$04$G3NqF8vTys.2Op/5D1SZAusnveM6o7Zhwo1pxYl/dLbxD0qPIr2h2,Tarbes,
153,Inglebert,Vigne,ivigne48@indiatimes.com,52.0,ivigne48,,$2a$04$2xtaHw6t3l8Jozk95CRF/uzIcJJk.VShM/yjATbB3.AJxLLzH2wv2,Aţ Ţawāḩīn,
154,Virgie,Saffrin,vsaffrin49@sitemeter.com,34.7,vsaffrin49,,$2a$04$gU3d4q8kr5i64rceFXgyZedghjkdQQwXOivVvNjeyaCQERBsJiVQ6,Ipiaú,
155,Chauncey,McCalister,cmccalister4a@narod.ru,19.3,cmccalister4a,,$2a$04$I0iZyTNhBqnzPHjg9XF.hOk/CqOk820JUUHj3WlH/oC3oGBY3FexS,Žirovnica,
156,Raoul,Verden,rverden4b@delicious.com,14.4,rverden4b,,$2a$04$YqUSN9NCshcHqJn.X7BBQOJ0eQ8iLBlaSTiGaOULhmVqC0wKkw4EK,Dampek,
157,Deeann,Marden,dmarden4c@delicious.com,3.6,dmarden4c,,$2a$04$v8inw5FD387BMX1s0XDaDury7y6sBXymSCQu4z2lAgaRTLjbBBnBK,Sugiharjo,
158,Fayette,Thomerson,fthomerson4d@narod.ru,51.9,fthomerson4d,3354810506,$2a$04$uaArOh/O9ELQWolKEv.7LudqWgU4rc5Il1b/EKx2NT24.Avm7XldO,Tanghua,
159,Lona,Halley,lhalley4e@ft.com,97.4,lhalley4e,,$2a$04$AnHtYN1cdJGUFbyrUK.Y6O4vUXwGJTs1kcrDic6BPu13gdSR7vzyK,Surin,
160,Louisa,Timlin,ltimlin4f@twitter.com,7.3,ltimlin4f,,$2a$04$P7lfwUAUwlQJHwtpZ80tt.cg6k.eTuCWUE7mfYPbIUDeQGU6Wef6u,Tessalit,
161,Genvieve,Seamons,gseamons4g@tiny.cc,99.7,gseamons4g,5968266935,$2a$04$GkzFtkQxM1Hs/ZF0/Kp2CurpCTHC4Xswa9GBfr/WBx0QVQozPG.2K,Cachada,
162,Caressa,Gaitone,cgaitone4h@auda.org.au,82.5,cgaitone4h,9798293255,$2a$04$RfOSXEjU327D9an/H0JQ4.sjXSzRTmyDLlTcqK7eLagz2ucQiCc8G,Bagarmossen,
163,Bo,Buss,bbuss4i@usnews.com,33.9,bbuss4i,9308306616,$2a$04$rIPdaAiBjUuiOGoX6r6raOwitvGHcP6ZjpliWg/7dTxnFL1ww9zTe,Parczew,
164,Stephi,Klugman,sklugman4j@google.co.uk,75.9,sklugman4j,,$2a$04$AdZ1CuS5x/KZO7fupf22We5x4CDR5u2aOacehIeLZC7yRWWOtJk32,Angered,
165,Constancia,Dellow,cdellow4k@mlb.com,33.7,cdellow4k,7992801811,$2a$04$m0WLACyxQt.dbjMoZneX5uuEuht2I4D4xW7R9dkcdG2Eeo.4MfnAm,Nageswari,
166,Dermot,Giacometti,dgiacometti4l@cbc.ca,95.2,dgiacometti4l,,$2a$04$DDr4Q3khCMmH.pSjjSCDyOyGVSJ6PR835dPq6QQ5./4Q0x38BXHnO,Venda Nova,
167,Davin,Piola,dpiola4m@walmart.com,1.2,dpiola4m,,$2a$04$oL3BqOGdjp88oos4nvpf7Om7P38vcR3AqanAciOrbdEr5hIvP6rW6,Guiglo,
168,Nana,Babb,nbabb4n@youku.com,72.2,nbabb4n,,$2a$04$1Xf7hAIBp4YdAhCLt51xt.0zIzW57jYjhQ92hI0QoLg.p7QWEWwPm,Kil’mez’,
169,Briney,Boch,bboch4o@weibo.com,42.3,bboch4o,,$2a$04$O5j0K0lALLVI4wZmPy1nVOjgdKapJkVFEjlyi6iJ2/Ou/blWYOGBq,Sindangsari,
170,Amabel,Lantaff,alantaff4p@squarespace.com,37.1,alantaff4p,,$2a$04$qta0kWEP5/QztM2Yx2lQpec8eRFY580WUBopH1J//hotAsxXGnD9G,Nanshi,
171,Tomi,McQuillan,tmcquillan4q@sina.com.cn,52.3,tmcquillan4q,3196867524,$2a$04$/HF9.UByFzWJWV5pKZ9hIe8oltvXkNMAiqkAxeZX6ZDaahsKf6ZHy,Surubim,
172,Bart,Skelhorn,bskelhorn4r@hp.com,33.6,bskelhorn4r,,$2a$04$Yl6IPyXNLv0OPe/Z3qnMeuLyVB/MIkYOwrjGyDdFFlHgkHY737o8C,Choma,
173,Gaile,Gowdie,ggowdie4s@acquirethisname.com,22.8,ggowdie4s,3994117234,$2a$04$dt0ab5w1zad80uWJZyiUgepdkxh9yEkl2Tj10CP4FQjDCEufOkP0e,Tanakawu Dua,
174,Lenna,Dionisetto,ldionisetto4t@ovh.net,99.7,ldionisetto4t,,$2a$04$1awXTH6o8vBrkC1WS68dY.g3ch.q/hC57.8f7w8BcjFo0ZBMaY1Wi,Tanahwangko,
175,Sisile,Tinsley,stinsley4u@amazon.co.jp,67.8,stinsley4u,7341321732,$2a$04$NZ7Mv4Ihc/fQ0zDZW6jYneqsDtnk7wjRlD4FyueFZLvki8mr8wpVO,Necoclí,
176,Nady,Padberry,npadberry4v@elpais.com,85.5,npadberry4v,8386740954,$2a$04$a0YOEpJJnktNgag.JwZjf.LSfpy2.euwDGMDzp3zz6yfiAgrbx5hG,Czerniewice,
177,Ingeborg,Bentson,ibentson4w@reuters.com,54.2,ibentson4w,,$2a$04$wKAjhXfOiXQ6r/.IVgi5KOPk0WQj4mMhDrind.W91B49tBLqDgOMu,Plomárion,
178,Nicoline,Chitty,nchitty4x@baidu.com,4.7,nchitty4x,,$2a$04$0xqp7YIbUwFXX.L6AL786uZqTEiBWa6eEeXo4JWfHZugHW3xdxc9S,San Antonio Oeste,
179,Alene,Boorer,aboorer4y@meetup.com,71.6,aboorer4y,,$2a$04$xHiYjr6EhXevmi2FAOdlHOTJLM5gePpspcp3XXFRUNzyL6STDXY5.,Paraíso,
180,Caty,Kneller,ckneller4z@scribd.com,54.3,ckneller4z,,$2a$04$FHjNI3BdHtPRd6Broj7vXuHxmT7MDmZLbTZ35hNquonxbRmuv/Gdi,Pokrovka,
181,Smitty,Jancso,sjancso50@youtube.com,72.9,sjancso50,,$2a$04$z.fxriPMzQ8GKO9.RxEZyek9PcuMso67LbGk2LbG3hrV2hnmnw7EO,Campana,
182,Birgitta,Garfit,bgarfit51@hibu.com,13.1,bgarfit51,9946050074,$2a$04$Wgw1HnFxkqKzZuXnwcMlIuR2gCH.BKPXq8o3B5trPF25ck7kVvmr6,Książki,
183,Cece,Paget,cpaget52@dropbox.com,73.7,cpaget52,5044730603,$2a$04$NVbY5Lmlvo.xlhdtejjFYO/3XuDyOZ5KOLVZzowqLFLhyHc6ooHLG,Fontanka,
184,Myrah,Trelevan,mtrelevan53@cloudflare.com,50.6,mtrelevan53,,$2a$04$9.P2/xPdRY9Jv61QPwumhOAUCTbyAd1UIxAaSoyAPpO4cQaZ5pBIW,Lions Bay,
185,Lillis,Roberto,lroberto54@nature.com,80.2,lroberto54,,$2a$04$WB3SLDLtCobhaByLoMOmmO4i8iyrfrh.BIlR9X9z.XINsKgiP9ZOK,Iḩsim,
186,Bertrando,Prettejohns,bprettejohns55@clickbank.net,53.2,bprettejohns55,,$2a$04$VliIh5..sxZ6tRyJ87ijJeebZ/dMtzXu59dXiXy0W.Qc3AcXsFhfW,Xunzhong,
187,Blancha,Strathern,bstrathern56@hugedomains.com,86.9,bstrathern56,5911751301,$2a$04$3CkQdRuB4RzgDPyNDT4lU.Np6i8CEpTTePw23WTfKf3bPGsxPQYei,Vetlanda,
188,Aubree,Bowles,abowles57@phoca.cz,14.3,abowles57,,$2a$04$g101AG1It4PtKt69xqn9duUp90DmUqgS8WoYyUIyvaLobufjLxe16,Leninsk,
189,Esma,Prydden,eprydden58@angelfire.com,24.4,eprydden58,1298453333,$2a$04$HD57bdyFaGxKvvHbOsfFsu0XZZZaSxGiz.xwbIPNd9RjD7vwgGjeG,Ponte Nova,
190,Katleen,Cottem,kcottem59@chronoengine.com,42.5,kcottem59,,$2a$04$gtZrruNaSYCJ.9AKByEchev9zIUviqZIGICOK.sEUhWRvA7hR2z9i,Adiaké,
191,Ethan,Foux,efoux5a@discovery.com,49.2,efoux5a,,$2a$04$KZ/vxE4KoVECmLXvjV81POS2FHb9FK2wSPgyBc/ggdBmioe3raS2.,Roshal’,
192,Maegan,Ishaki,mishaki5b@tripadvisor.com,98.6,mishaki5b,,$2a$04$jcgAzvF9xqXPmCrVDfbzxeD3SgK7iqtUbWvEszhF1AmYA/yhYlv2u,Santa Cruz,
193,Arabelle,Lassell,alassell5c@google.co.jp,99.0,alassell5c,,$2a$04$53QWk11tdymNzEnuY5FzxuAVJjujjXlbB1KcOWohCQ9.fs6yqhCI2,Tralee,
194,Tersina,Merill,tmerill5d@unicef.org,59.3,tmerill5d,,$2a$04$q7Pjx.1SJvKH6iIGeyekL.SSlnS9toYrwhWXXON7aoTPsDinqe8sy,Nambak Tengah,
195,Esther,Mordanti,emordanti5e@cmu.edu,3.3,emordanti5e,,$2a$04$AW.qv/OmaRS9ci4SUTKsBuCVWE/uBHvdK/fd/EnB5zprDlGUU4H0O,Seleuš,
196,Shannon,Rhelton,srhelton5f@yandex.ru,74.1,srhelton5f,,$2a$04$HsN0YSFqih5DgbcigUOfuO1b0k96pxNThLE6srBspHDtHITZJ1VMG,Lyon,
197,Bourke,Dacres,bdacres5g@epa.gov,9.0,bdacres5g,2767128090,$2a$04$3qrEDXBdPEKK6o.fmMuUa.K7l/ucYQSiqPsSIUm7CFNShHr8Cy3tW,Esmeralda,
198,Conchita,Esilmon,cesilmon5h@scientificamerican.com,71.8,cesilmon5h,,$2a$04$vZ6GUZ3kCA3TtcpkhzfQBOqv5xS1aNtKo1me7h.lNTooieWqE6BQC,Acli,
199,Ransom,Larkby,rlarkby5i@yahoo.co.jp,75.9,rlarkby5i,,$2a$04$IxuLcwIDId6ti22C/FtOe.DCLf9x30aAnQSjTgizcv1Pi/jgLfb4i,Paoay,
200,Misha,Delcastel,mdelcastel5j@yandex.ru,93.6,mdelcastel5j,1061413302,$2a$04$DAMmLQMlFEnQgvPxScSGduGvJM3UCKlxt3Tw8l8.eaYLw/g0z1OhG,Altan-Ovoo,
201,Elsinore,Works,eworks5k@paypal.com,95.0,eworks5k,,$2a$04$9joL0pGlgW26BLuOAGea7uEQHz4856jm3LuoFhRs66eNxC1581ogW,Morgados,
202,Alex,Howship,ahowship5l@xinhuanet.com,99.7,ahowship5l,,$2a$04$7jsUUGP7mc3x8.t6bpvPV.fOotYk54NKUSu6V4x3QRZC1Qr21xHwS,Qinghaihu,
203,Mikey,Mourton,mmourton5m@51.la,70.7,mmourton5m,7031780609,$2a$04$STpJHtFXmeP.8dW4Urj5..TD9jOLu6GFiIWKhTQaZBo5eaauvbvmu,Tân An,
204,Gage,Littell,glittell5n@nsw.gov.au,8.7,glittell5n,,$2a$04$P6y4.5uvMGXwNhPJKhF2yOCusHSDkUrEJE4o6TCbHUgMg2jucfiai,Diavatós,
205,Roze,Brill,rbrill5o@columbia.edu,12.0,rbrill5o,4039078913,$2a$04$JREhL9882LC6TXzxhaIcWu0VEsF9PWMHJ8PbYHuUm1feQ7YWPKJ7e,Lincha,
206,Theda,Swiffen,tswiffen5p@dion.ne.jp,40.3,tswiffen5p,2491803037,$2a$04$TcrjhIIRtwK8Kft0qfaBdund4pnOmfpgvMAa6xl4AkqlrLhMbvQ9S,Nobeoka,
207,Lodovico,McGinn,lmcginn5q@economist.com,39.6,lmcginn5q,,$2a$04$yRO.Z7H52scU95awkYc//uCOQNZfjJL0Cd9B2q4IPHWQuKWNZj5JS,Tangdukou,
208,Henrieta,Drance,hdrance5r@godaddy.com,54.8,hdrance5r,,$2a$04$3WVshK.8Qx6uX27uFiJBieqMpwubcg7Jd6lS7ZxVFIkv.pA5EhGl.,Libu,
209,Justis,Meddows,jmeddows5s@sohu.com,96.3,jmeddows5s,,$2a$04$TUusG69Y2cmAzDZYskgfhOY3WfmSqFU6.3CZCuQbHnWXQts8Dz54.,Chambéry,
210,Kylen,Isoldi,kisoldi5t@jugem.jp,95.6,kisoldi5t,,$2a$04$LxueXi.tVlRL/d7EhHv83O1eIh/cXYntl1ZyAuMIs/370n5O96LKe,Kabba,
211,Belvia,Whissell,bwhissell5u@npr.org,58.5,bwhissell5u,,$2a$04$9Ex5a6R5Rzgc8Q8Cbu8wkOR2xQ4oiq.bdMSVO7TNFRTkHyJIW7s1S,Sri Jayewardenepura Kotte,
212,Arlyne,Loftin,aloftin5v@usatoday.com,10.2,aloftin5v,5823766088,$2a$04$1amm90iHlJ5UY9v7rkGWF.LMwcRdCNv6bg6rkdMYS2skYsv4Qlou2,Chengxiang,
213,Corbet,Tolle,ctolle5w@soundcloud.com,32.0,ctolle5w,,$2a$04$pmZAIiJ1TwtnsUeKyXWuBec4HkqjTyNRiSKzmMZgfWKFMU7jYLr7S,El Paso,
214,Aubine,Bainton,abainton5x@google.it,89.9,abainton5x,,$2a$04$0v/QoK5dHyrQrBHG8msaau5uNNmbskNHKqHtCssuboaCYyyYOBg0G,Dobruševo,
215,Avie,Cornborough,acornborough5y@twitter.com,70.5,acornborough5y,,$2a$04$.SJaGjAV/p8f4C5QVuBaWeScX3AHNwmuPZq87AqjocwTopkfIsv6G,Aksarka,
216,Roberto,Divill,rdivill5z@pen.io,63.8,rdivill5z,5197096973,$2a$04$01YparABgc.jgVMjp3xljeVMlXuTMHGYU/y6oqPetDWEq7EtZJLwq,Gala,
217,Deeyn,Behne,dbehne60@dailymail.co.uk,20.1,dbehne60,,$2a$04$8WHowKUX4OqekA5QxgFj.ekh0EZLqZQRPvNePSefwCmZlAR3bCXFG,Fonte Boa,
218,Charla,McCreedy,cmccreedy61@marketwatch.com,59.9,cmccreedy61,4703344735,$2a$04$5vbM3DRpqI/Zl8jIjhOJpOcZVsez1uHlKfka1w92StJuZHhWmWZ5y,Jām Sāhib,
219,Kalindi,Ivanilov,kivanilov62@desdev.cn,99.6,kivanilov62,,$2a$04$liPc16YFL6U5vAus09YX3ujbzN7Qsg2XxCg50UOsfjOm6M74w5CTm,Kokoshkino,
220,Rosita,Pockett,rpockett63@discovery.com,2.5,rpockett63,,$2a$04$frD7xxshbzmkHCT4/ShjSOsCX0nscazNy.rKrVQH4a04R9miiDXPu,Sélestat,
221,Aluin,Elders,aelders64@google.nl,99.8,aelders64,,$2a$04$02zayQKqbbbqkqlRxytj5u.eUjiAFZRmu4NOvGMitftbFw3otGkES,Jiuxian,
222,Myron,Carlisi,mcarlisi65@newsvine.com,66.2,mcarlisi65,,$2a$04$cDsdGSWsjx4Fu12BMtgPcOidYk.lpVo81.uxkNKjYMNdP1eq.raii,Jawor,
223,Dame,Noden,dnoden66@reuters.com,54.5,dnoden66,,$2a$04$QvB63JKt9Mg5zEfiZ/f2vu3GgVp7G41vobRJJ94x5PM.Al0yWegXW,Marinilla,
224,Dorree,Whiscard,dwhiscard67@arizona.edu,42.7,dwhiscard67,,$2a$04$5SZZVE1IZaegaI8fcbvDgupy1yye2Jlzr7s0ou2xu0nBfflukIGWu,Obiaruku Quarters,
225,Henriette,Rickersy,hrickersy68@digg.com,1.1,hrickersy68,7971633202,$2a$04$FobQ.I3Vtg1/oXNfwmZdbOc2uwPZ7TKTx/jYd7jeOuT9nqVNHFZYO,Lughaye,
226,Carrie,Bilbey,cbilbey69@cargocollective.com,75.9,cbilbey69,,$2a$04$FqiqSQ7Qh/vXVPXH9P/VR.jWh8GVT71syuadO0TQ6PVBVCCMfwIlS,Kariaí,
227,Natalina,Brownhill,nbrownhill6a@alibaba.com,13.4,nbrownhill6a,,$2a$04$q400FmuuaaBqQL67RFb.WuL1LI9hk6tV/kZrAjUr3cDCV4DEf8LuS,Powidz,
228,Jammal,Atter,jatter6b@yandex.ru,85.5,jatter6b,,$2a$04$swlC1Q5oGLh9rCqYlbLN6.K5Q/iL933Qe/R51t40QBeNMnKOdc8c.,Hoogeveen,
229,Emalia,Mager,emager6c@twitter.com,44.5,emager6c,,$2a$04$BUW/ZcaF2i7/7dLZmPYGteX5hMmEj011.KrRkvRkxQIkaga6wKH86,Mondorf-les-Bains,
230,Phil,Aspling,paspling6d@fastcompany.com,5.0,paspling6d,,$2a$04$pfQ/Pn1wrADeM1g9enIH5uEZwhZM4KfRdx7IuGoyCB5QiIQk2Wcp2,Taldan,
231,Sheffield,Sands,ssands6e@oracle.com,30.3,ssands6e,7931455034,$2a$04$RgI3vcGE7A9CKTzGG0n4yOO01W62opHVx4k7efzOaVH.y4fUVWUhm,Darma,
232,Tiphani,Rosenstein,trosenstein6f@xinhuanet.com,67.0,trosenstein6f,2867820947,$2a$04$wJXZokYoPJjkTGwwH/HVmevJ1Vqb578k2jVLhhg3HPuNeXJ9t7vvW,Tumaco,
233,Ringo,Mcall,rmcall6g@wikia.com,17.5,rmcall6g,,$2a$04$SIkhDd16ihoYcT4a.wpXr./IVezO6BK5hoQdbQpQFwAICwLFh8E86,Wulong,
234,Jules,Standfield,jstandfield6h@blogs.com,24.0,jstandfield6h,3626442212,$2a$04$O/Xks22V4jyw2qfI.FyHy.X64Yro/XobvO650PkjJZAu4nRlaQ9J2,Chaoyang,
235,Davide,Mathiasen,dmathiasen6i@xing.com,85.6,dmathiasen6i,8698410629,$2a$04$UWojlnTexYR/czUboGi2PeZcHD3fgTstGI/ItBziWZWAnLtmicQYC,Kuala Terengganu,
236,Teirtza,Palatini,tpalatini6j@weebly.com,11.9,tpalatini6j,,$2a$04$ngsCbhAAKQFKBA2OU7nO0e9t5zPzUiMVCL7W4WONcb4ydwzCf98mi,Palermo,
237,Onofredo,Birchenough,obirchenough6k@angelfire.com,64.3,obirchenough6k,5102729730,$2a$04$Le.QkvliTThOV09fRkfAp.zNdN2irWqmHBU.njRtAhnlzz.KrfDIC,Falun,
238,Lesya,MacGuigan,lmacguigan6l@whitehouse.gov,1.6,lmacguigan6l,9448703017,$2a$04$ru4dv.KLj8ykmgIaIWepl.yHHQtIzyqICh6WRb0vn6yhetz4HVzde,Irricana,
239,Carolina,Manns,cmanns6m@ox.ac.uk,41.7,cmanns6m,,$2a$04$jxfxUE08v4ikteciMOw71eWrDUUFr9mQczDF4fdKwZFm8rvg1zfBq,Brak,
240,Ania,Puckring,apuckring6n@wsj.com,95.5,apuckring6n,,$2a$04$fdX9NQPm//6nEbP8GkciRufiOmHnZplp/Xo5PNGC8n10YDovQ1FuC,Yajiwa,
241,Margaretha,Poulston,mpoulston6o@joomla.org,74.6,mpoulston6o,,$2a$04$FpMs1GNRLGF0LjBrKq0j5u6hUBKwNGoz0oxabRHiG6h3THsI186rW,Banjar Brahmanabukit,
242,Melly,Pavluk,mpavluk6p@bloglines.com,47.5,mpavluk6p,,$2a$04$GPF.q6J6P877Grq5JB37ZOlwXzA1iKjkUv2KhzcfB0Iz78QmHMQYK,Gaocang,
243,Kai,Sharple,ksharple6q@i2i.jp,28.3,ksharple6q,2955711113,$2a$04$mN4QO9waMSGdzNjHBXigResbnf46OaWRXL.8Wtm74dOrOP./UlZs2,Piñahan,
244,Dory,Purdom,dpurdom6r@tripod.com,86.1,dpurdom6r,,$2a$04$3Sxg.hZErDOFJaysY2/0VOQDVW/eAqbG6oOPfUNoa.GyoIhKTCnOO,Thị Trấn Nghèn,
245,Arie,MacAvaddy,amacavaddy6s@spiegel.de,6.7,amacavaddy6s,7478524152,$2a$04$HXwnM0ymFW8j8XIyAskoMuUtjYUxEqe8y5gWqr6bLRDJA9e5Rb4QK,Druzhny,
246,Ernst,Haggerstone,ehaggerstone6t@umich.edu,5.0,ehaggerstone6t,3096879149,$2a$04$Hi40VssV5mkJNAEFTQF.0uQg0Z1tmgClhUfp2N9U7Rx1hmCiJhZWy,Nairobi,
247,Rollie,Ottey,rottey6u@businesswire.com,12.3,rottey6u,8453988207,$2a$04$RaLf7xNTvNSIRtkFv29I.O9jSH7Nfxi.6Lfk7VgoQt2E.CqghTE9K,Kopashnovo,
248,Barbey,Cregin,bcregin6v@springer.com,60.7,bcregin6v,1401494719,$2a$04$5C05/SBi4BKdFB2O3quo1Ok0T4gstrCFVGv6qviS.RHSx1wzMhVWS,Cali,
249,Jodee,Perrottet,jperrottet6w@cdbaby.com,81.7,jperrottet6w,3697618891,$2a$04$ZkngsXaOTtKT6RKQw0qkQe8tKMs/DrHssd7DTHsGUZ47GSse5YNre,Quixadá,
250,Britte,Ferier,bferier6x@yellowpages.com,89.9,bferier6x,6344486725,$2a$04$DfGzk.q4af0QQXFAzSgL3.CeVYWDeWa3NKqmkzdlupenXBgEeUmGK,Cavaillon,
251,Herschel,Honeywood,hhoneywood6y@oakley.com,55.3,hhoneywood6y,7487254673,$2a$04$minOoH/iqmoz16yjYTMBa.3Tvz84yRfcfyyJOGYfuaGOzldEqBS0e,Buikwe,
252,Corbet,Treadway,ctreadway6z@e-recht24.de,82.9,ctreadway6z,8135175503,$2a$04$Vzb3yifZzE9Q4Yx7cKbHYOYbfhpGjFQ7RWWI//fnyonMoV7tyMI0y,Metchosin,
253,Jilleen,Costelloe,jcostelloe70@imgur.com,23.3,jcostelloe70,7614637443,$2a$04$akRHOgwwVA7x0HY4wrWrFOqo4rk/jVtimoCQbWZ/U7KsdPqBaHhjS,San Ramon,
254,Diannne,Goff,dgoff71@1688.com,47.8,dgoff71,,$2a$04$X.hCUGq176PbEICELIWuRO.otqFKO9Bb9IJ8yS1y/52N6aPS.bBb.,Beltinci,
255,Glenda,Vonderdell,gvonderdell72@prweb.com,85.7,gvonderdell72,,$2a$04$rX2d.YUfAVsVXlRLVThZoee2Z77Ut/kS0knzU5cqFpHyFURaSByHu,Ikot-Ekpene,
256,Loni,Wille,lwille73@list-manage.com,71.4,lwille73,,$2a$04$P4PW6.2Gdsvw1aPXjKHLuuTCOMAcBSSTOw2mQMOOrD8wycGgzHgG.,Baltimore,
257,Magnum,Pechacek,mpechacek74@parallels.com,67.0,mpechacek74,,$2a$04$PeEMaxKTGw8yo1n8GeOROOAT92p1saDdZl1vs7YTtK0tTpxHznnVC,Hongjia,
258,Lauritz,Bruins,lbruins75@ebay.co.uk,2.7,lbruins75,9764464667,$2a$04$lcbyjgdco9twLWzYHEkO4eEcXWpibo/VlBvY53LuUyj9cDWzFEYXG,Kebonsari,
259,Ginnie,Paoletto,gpaoletto76@pen.io,71.5,gpaoletto76,3909266216,$2a$04$asJIQZcQl2qkPAwUAwE1YePo.Gv5Dufu/NqqYMBvAKBEx6NzREhSe,Kathmandu,
260,Shayne,Bunclark,sbunclark77@latimes.com,25.0,sbunclark77,6486647736,$2a$04$LQl6bkoCs9fEBoQ5nwIdIeC7ZnYSynTFtp0rMwmjbi3ebRZNvpJXe,Fulu,
261,Chickie,Skillanders,cskillanders78@sfgate.com,18.9,cskillanders78,2159653400,$2a$04$iNsLsipPZK/QzJmV3pb7eOLTXPWfj7KOWUoYglp2wTCuewdAYC6Za,Voiron,
262,Mignon,Srawley,msrawley79@phoca.cz,19.6,msrawley79,,$2a$04$m1CgG4D/1/TtNBFt2QY3ce9fpuEKDUVCDStSw113BfqtgOVcx4Q4y,Bezerros,
263,Niles,Wharton,nwharton7a@sitemeter.com,21.7,nwharton7a,,$2a$04$L1bkFZs6r7xtEBzJk/VFjuYwQGOrAYlQkis488y/AmWOTb0aMNBry,Jakhaly,
264,Roma,Sams,rsams7b@canalblog.com,29.9,rsams7b,,$2a$04$SguIRTQE0V.LjssrSNvnkOVYC0JM33ScB91NJO99/s4vSMxwGAXJ.,Lille,
265,Rhiamon,Poxon,rpoxon7c@sohu.com,38.4,rpoxon7c,,$2a$04$/6yqicRacNzRcR00Pg18r.wT6lV37UREeP96gHLbCVYMYpiY1R.6a,Laocheng,
266,Beatrice,Arlidge,barlidge7d@liveinternet.ru,46.5,barlidge7d,,$2a$04$4XRhFFkgzAmDEfOOnvAzGOK2hyjZJsGIzs.lc7p.1TeNE7D92oyOu,Igrejinha,
267,Meris,Simenot,msimenot7e@bandcamp.com,69.1,msimenot7e,,$2a$04$VKi67RyxtrEndjTTtgd2ee5U7I1X8OEUT9lcU0i/0dmqeiXqpx5u.,Pohang,
268,Cati,Mound,cmound7f@tiny.cc,60.2,cmound7f,,$2a$04$scnTrt67krGePX0C9aOU8.BLRw2gBvVEfPixt0V32nRlgrw6z56hy,Liangchahe,
269,Pyotr,Osban,posban7g@boston.com,88.1,posban7g,,$2a$04$h6OxBp1QSHc3Zi4iZGf5B.7xakZ7GhWU0HJfsiUzktCm4Maf6pyBa,Mandi Bahāuddīn,
270,Dani,Nolot,dnolot7h@vkontakte.ru,70.3,dnolot7h,,$2a$04$cQ5hjoq8NSkprGhXJW.ZDevA.FiEneRqYqN9.gHGoeIoli551DMuK,Ramadi,
271,Sybille,Reynold,sreynold7i@miitbeian.gov.cn,80.0,sreynold7i,5493206805,$2a$04$Et1WApNbuU82eVVe5e4lvOfmG241G9j4O6evlOkrEWjMPm79jOdn.,Arauá,
272,Boigie,Ghirardi,bghirardi7j@plala.or.jp,72.7,bghirardi7j,1113824368,$2a$04$.6bMhdx.DRpyrkg9JspqQuavCShDDOnNiXkWNE.aLBgvMWf86ScyS,Guangshan,
273,Etan,McAlister,emcalister7k@washington.edu,14.0,emcalister7k,,$2a$04$x.mfHt4K7Qg7mL3a5PiQaeMJCD5m478rH3LbiFBgUOElv7TqTvdA2,Telnice,
274,Lilah,Bax,lbax7l@amazon.com,76.5,lbax7l,,$2a$04$lgjZYhn.0VkJ93fb5SXt2OEM.5e1AitZ2Kv294yre2HwIMg/8Kv/a,Jingning Chengguanzhen,
275,Laetitia,Waine,lwaine7m@fotki.com,44.6,lwaine7m,,$2a$04$FrpKUZM.F7oRIOF7w91XeemiOItdLie/OCOA4onbo4Y.okjdk3zta,Могила,
276,My,Cleatherow,mcleatherow7n@parallels.com,79.2,mcleatherow7n,,$2a$04$mnX75Fm35D2nmRpHxMA5AOD/012CpsR.95duGUPZwsl01JmKl7YgK,Mawu,
277,Nan,Idiens,nidiens7o@umn.edu,43.2,nidiens7o,,$2a$04$FXCdJRd33ZRuySSp2BBXYukj8GxAVoFMD8V5Amc1G/iVlrmKDaUtO,Oitui,
278,Erroll,Harmson,eharmson7p@usnews.com,62.2,eharmson7p,,$2a$04$m40mV22h7VWVf13jGmNh8.5AZehN5gI/zqkr.hN/XA4aahGRcT.2e,Saskylakh,
279,Augy,Mulryan,amulryan7q@i2i.jp,71.9,amulryan7q,6457680054,$2a$04$RS.QdU4pbcnCuRnTnwSY..JVoG1y8gMMLOLwP58X9EjGtr3.F.key,Cungking,
280,Jermain,Fery,jfery7r@latimes.com,11.2,jfery7r,,$2a$04$CIpCdSFoG4HBzAR9PKVSXOUVPKUPqnS0UYY0ji1LGmYlbhdKpYEci,San Isidro,
281,Hettie,Sansun,hsansun7s@gov.uk,59.2,hsansun7s,,$2a$04$jKCladbFESENl/n/IQIUVO9vTKCfXroMF6W1kA5DO.rNE2uotGcgK,Jinchuan,
282,Hanan,Game,hgame7t@marriott.com,94.2,hgame7t,,$2a$04$UWaDlWG6Byuu6hL8GPc37.5yWEMztx5ennJQcxqR.jlFFrTV2ems2,Zaragoza,
283,Stevana,Rosborough,srosborough7u@cnbc.com,79.9,srosborough7u,2603816039,$2a$04$X60Nt/Us1WfTkjVycrRoEO5kClefUCsTdgOVCvQrqob9Jj5lUi7R6,Diaoling,
284,Lindy,Wheeldon,lwheeldon7v@goodreads.com,19.4,lwheeldon7v,,$2a$04$7FcRd3FPJTnoVt2s52mHHO2kXC.ontnqJH19AVkwmmY2V1xtV5EzO,Aniso,
285,Coralyn,Toppes,ctoppes7w@hhs.gov,27.8,ctoppes7w,,$2a$04$OpDWEbOIU5hyp3JYI0lmDuR2/.PkKhwZANXfLzjFMTH.vByF8qBnS,Hegarsari,
286,Gunilla,Posvner,gposvner7x@ovh.net,81.8,gposvner7x,,$2a$04$BkqDw3goabkQGwb1Rld1NejAg5QTmqKVHDHlpgN1a1YQzvIMDJqN2,Sacramento,
287,Raeann,Armand,rarmand7y@jimdo.com,12.5,rarmand7y,7185962567,$2a$04$WFPMTxGUBihFlr.DxSnzqObsqLMJljLTdS2GSVrOzA3Ol0zS6MQz6,Huicheng,
288,Robin,Goter,rgoter7z@rediff.com,57.6,rgoter7z,,$2a$04$Hj9PgbALCcwDcc4E1JGMCeUIwMN2IF30IejQ8V5PGivvMvF2pXLWO,Huangban,
289,Gram,Crate,gcrate80@earthlink.net,8.3,gcrate80,,$2a$04$R8AHEOmwTwdqXb.O6JXoUubo3WlrHHL4MmcS297nC15FpNkWnegSm,Andapa,
290,Domini,Patterfield,dpatterfield81@ucoz.ru,99.8,dpatterfield81,7221437942,$2a$04$dvLw7LsIVLjRhNHLZJlozOaAXDJ81vnQsNPmeSJ48HM85QBvzdhn6,Mgachi,
291,Ethyl,Crease,ecrease82@mit.edu,15.8,ecrease82,6182202929,$2a$04$o25Pl8siWfyAFiz59GtrXefFCzQZ7KD1tlfgus0z3zSTD1fZh1BBy,Saint Hubert,
292,Gino,Kasman,gkasman83@usa.gov,46.4,gkasman83,,$2a$04$DoMrMi3OJ2of/9oJNvCwpuVbhiCyHT4w/gy1EJOHaNArQSFTxf.gG,Ginowan,
293,Alisander,Skelington,askelington84@themeforest.net,27.2,askelington84,,$2a$04$BiAvIqTh/ndO0Qv03kHGROCo3qQVEJ9Mj.tGAII39pL91q8eLW8FC,Viçosa do Ceará,
294,Chariot,Quickenden,cquickenden85@woothemes.com,53.2,cquickenden85,1438774694,$2a$04$UWzNl6gtoUhKDMDDWL5ZHetNcM0ssaYHMpgLjOrveKm5WB3kfOHjG,Saint-Brieuc,
295,Nicky,O' Lone,nolone86@yale.edu,85.3,nolone86,3144517952,$2a$04$cFd1Jrdnc4/MH9VQiw1I5Oc1zx1YkaRpZ8ibYrUNnkf3FRz0L66Sa,Strawberry Hills,
296,Roland,Scurfield,rscurfield87@cdbaby.com,28.4,rscurfield87,,$2a$04$l8E4wqO/WUoGIPRGcmyKBevi/iecWeUtKPHzKrqvKgjWUwoQiISSW,Nuwara Eliya,
297,Jamill,McCleverty,jmccleverty88@creativecommons.org,64.3,jmccleverty88,,$2a$04$66w.gkz8wGuT8Yu04SKB.ukipQq92QuqDH1zdjRb5OsXxZRL7uRGi,Yashkul’,
298,Kitti,Perulli,kperulli89@jigsy.com,18.3,kperulli89,6579687586,$2a$04$eprVf3wcYJ8CSARsOTKay.v2pOqwJzDbv.tOr2Riry3XgoaXfPOES,Kirkland,
299,Isidro,Aked,iaked8a@ebay.com,14.0,iaked8a,,$2a$04$jTQWKG.pSKy1.LGebf6vg.RAYWJs2rdMzfvn8blgZt90.08mnh..W,Agidel’,
300,Natalya,Hugueville,nhugueville8b@digg.com,40.9,nhugueville8b,3008042464,$2a$04$lz403aKCrgIWWWroz8lr4eueJo/atrrkazV/fEEO5fsB592aHjIIG,Caucasia,
